Workbook

Sheet README
A1: Event-Driven Order Platform — QA Manual Test
A3: Purpose | B3: Provide reusable sample manual test cases for an event-driven order processing platform covering order creation, payment authorization, inventory reservation, notification handling, resilience, and end-to-end asynchronous flows.
A4: How to use | B4: Open each module sheet and update Status and Notes during execution. Summary KPIs and module counts refresh automatically. Use RTM and Automation Map tabs to show coverage during interviews and portfolio reviews.
A5: Important note | B5: These are portfolio-ready sample QA scenarios designed to demonstrate senior-level event-driven testing strategy. Tailor the message broker, payload contract, retry logic, and final-state rules to your target system.
A6: Default status | B6: Not Run
A7: Default priority | B7: High
A8: Primary domain | B8: Backend / Event-Driven Platform QA
A9: Architecture focus | B9: API -> Event Broker -> Payment -> Inventory -> Notification -> Audit/DB
A10: Testing focus | B10: Event integrity, idempotency, sequencing, retries, dead-letter handling, eventual consistency, and final-state reconciliation

Sheet Summary
A1: Event-Driven Order Platform - Manual Test Case Tracker
A2: Manual QA test suite for an event-driven order platform with multi-tab execution tracker structure, adapted for asynchronous workflows.
A4: Workbook Controls
A5: Default Status | B5: Not Run
A6: Default Priority | B6: High
A7: Portfolio Owner | B7: Ramon Tan Jr
A8: Primary Domain | B8: Backend / Event-Driven Platform QA
A10: Module Coverage
A11: Module | B11: Sheet Name | C11: Total Cases | D11: High Priority | E11: Risk Cases | F11: Automation Candidates
A12: Order Service | B12: 10_Order_Service | C12: =COUNTA('10_Order_Service'!$A:$A)-2 -> 6 | D12: =COUNTIF('10_Order_Service'!$H:$H,"High")+COUNTIF('10_Order_Service'!$H:$H,"Critical") -> 5 | E12: =COUNTIF('10_Order_Service'!$I:$I,"Negative")+COUNTIF('10_Order_Service'!$I:$I,"Edge")+COUNTIF('10_Order_Service'!$I:$I,"Recovery")+COUNTIF('10_Order_Service'!$I:$I,"Security") -> 3 | F12: =COUNTIF('10_Order_Service'!$J:$J,"Yes") -> 5
A13: Payment Service | B13: 20_Payment_Service | C13: =COUNTA('20_Payment_Service'!$A:$A)-2 -> 6 | D13: =COUNTIF('20_Payment_Service'!$H:$H,"High")+COUNTIF('20_Payment_Service'!$H:$H,"Critical") -> 5 | E13: =COUNTIF('20_Payment_Service'!$I:$I,"Negative")+COUNTIF('20_Payment_Service'!$I:$I,"Edge")+COUNTIF('20_Payment_Service'!$I:$I,"Recovery")+COUNTIF('20_Payment_Service'!$I:$I,"Security") -> 4 | F13: =COUNTIF('20_Payment_Service'!$J:$J,"Yes") -> 5
A14: Inventory Service | B14: 30_Inventory_Service | C14: =COUNTA('30_Inventory_Service'!$A:$A)-2 -> 6 | D14: =COUNTIF('30_Inventory_Service'!$H:$H,"High")+COUNTIF('30_Inventory_Service'!$H:$H,"Critical") -> 5 | E14: =COUNTIF('30_Inventory_Service'!$I:$I,"Negative")+COUNTIF('30_Inventory_Service'!$I:$I,"Edge")+COUNTIF('30_Inventory_Service'!$I:$I,"Recovery")+COUNTIF('30_Inventory_Service'!$I:$I,"Security") -> 3 | F14: =COUNTIF('30_Inventory_Service'!$J:$J,"Yes") -> 5
A15: Notification Service | B15: 40_Notification_Service | C15: =COUNTA('40_Notification_Service'!$A:$A)-2 -> 5 | D15: =COUNTIF('40_Notification_Service'!$H:$H,"High")+COUNTIF('40_Notification_Service'!$H:$H,"Critical") -> 2 | E15: =COUNTIF('40_Notification_Service'!$I:$I,"Negative")+COUNTIF('40_Notification_Service'!$I:$I,"Edge")+COUNTIF('40_Notification_Service'!$I:$I,"Recovery")+COUNTIF('40_Notification_Service'!$I:$I,"Security") -> 3 | F15: =COUNTIF('40_Notification_Service'!$J:$J,"Yes") -> 4
A16: Error Handling & Resilience | B16: 50_Error_Handling_Resilience | C16: =COUNTA('50_Error_Handling_Resilience'!$A:$A)-2 -> 5 | D16: =COUNTIF('50_Error_Handling_Resilience'!$H:$H,"High")+COUNTIF('50_Error_Handling_Resilience'!$H:$H,"Critical") -> 5 | E16: =COUNTIF('50_Error_Handling_Resilience'!$I:$I,"Negative")+COUNTIF('50_Error_Handling_Resilience'!$I:$I,"Edge")+COUNTIF('50_Error_Handling_Resilience'!$I:$I,"Recovery")+COUNTIF('50_Error_Handling_Resilience'!$I:$I,"Security") -> 5 | F16: =COUNTIF('50_Error_Handling_Resilience'!$J:$J,"Yes") -> 3
A17: End-to-End Event Flow | B17: 60_E2E_Event_Flow | C17: =COUNTA('60_E2E_Event_Flow'!$A:$A)-2 -> 6 | D17: =COUNTIF('60_E2E_Event_Flow'!$H:$H,"High")+COUNTIF('60_E2E_Event_Flow'!$H:$H,"Critical") -> 6 | E17: =COUNTIF('60_E2E_Event_Flow'!$I:$I,"Negative")+COUNTIF('60_E2E_Event_Flow'!$I:$I,"Edge")+COUNTIF('60_E2E_Event_Flow'!$I:$I,"Recovery")+COUNTIF('60_E2E_Event_Flow'!$I:$I,"Security") -> 3 | F17: =COUNTIF('60_E2E_Event_Flow'!$J:$J,"Yes") -> 6
A18: Total | C18: =SUM(C12:C17) -> 34 | D18: =SUM(D12:D17) -> 28 | E18: =SUM(E12:E17) -> 21 | F18: =SUM(F12:F17) -> 28
A25: Execution Status
A26: Status | B26: Count | D26: Metric | E26: Value
A27: Not Run | B27: =COUNTIF('10_Order_Service'!$L:$L,$A27)+COUNTIF('20_Payment_Service'!$L:$L,$A27)+COUNTIF('30_Inventory_Service'!$L:$L,$A27)+COUNTIF('40_Notification_Service'!$L:$L,$A27)+COUNTIF('50_Error_Handling_Resilience'!$L:$L,$A27)+COUNTIF('60_E2E_Event_Flow'!$L:$L,$A27) -> 0 | D27: Total Test Cases | E27: =C18 -> 34
A28: Pass | B28: =COUNTIF('10_Order_Service'!$L:$L,$A28)+COUNTIF('20_Payment_Service'!$L:$L,$A28)+COUNTIF('30_Inventory_Service'!$L:$L,$A28)+COUNTIF('40_Notification_Service'!$L:$L,$A28)+COUNTIF('50_Error_Handling_Resilience'!$L:$L,$A28)+COUNTIF('60_E2E_Event_Flow'!$L:$L,$A28) -> 0 | D28: Executed Cases | E28: =SUM(B28:B30) -> 0
A29: Fail | B29: =COUNTIF('10_Order_Service'!$L:$L,$A29)+COUNTIF('20_Payment_Service'!$L:$L,$A29)+COUNTIF('30_Inventory_Service'!$L:$L,$A29)+COUNTIF('40_Notification_Service'!$L:$L,$A29)+COUNTIF('50_Error_Handling_Resilience'!$L:$L,$A29)+COUNTIF('60_E2E_Event_Flow'!$L:$L,$A29) -> 0 | D29: Execution % | E29: =IF(E27=0,0,E28/E27) -> 0
A30: Blocked | B30: =COUNTIF('10_Order_Service'!$L:$L,$A30)+COUNTIF('20_Payment_Service'!$L:$L,$A30)+COUNTIF('30_Inventory_Service'!$L:$L,$A30)+COUNTIF('40_Notification_Service'!$L:$L,$A30)+COUNTIF('50_Error_Handling_Resilience'!$L:$L,$A30)+COUNTIF('60_E2E_Event_Flow'!$L:$L,$A30) -> 0 | D30: Pass Rate | E30: =IF(E28=0,0,B28/E28) -> 0
D31: Fail Rate | E31: =IF(E28=0,0,B29/E28) -> 0

Sheet 10_Order_Service
A1: Update the Status and Notes columns during execution. Summary KPIs and counts refresh automatically.
A2: TC_ID | B2: Module | C2: Scenario | D2: Preconditions | E2: Steps | F2: Test Data | G2: Expected Result | H2: Priority | I2: Type | J2: Automation Candidate | K2: Status | L2: Notes
A3: ORD-001 | B3: Order Service | C3: Valid order creation publishes order.created event with complete payload | D3: Create Order API is available and broker topic is active | E3: 1. Send valid POST /orders request 2. Verify API response 3. Verify order.created event on topic/log 4. Confirm correlation ID captured | F3: customerId=1001; itemId=SKU-001; qty=2; amount=120.00 | G3: Order is accepted, unique orderId is created, and order.created event is published with correct payload fields | H3: Critical | I3: Positive | J3: Yes | K3: Not Run | L3: Core happy path
A4: ORD-002 | B4: Order Service | C4: Mandatory fields are validated before event publication | D4: API is available | E4: 1. Submit order without customerId 2. Check response and broker activity | F4: itemId=SKU-001; qty=2 | G4: Request is rejected with validation error and no downstream event is published | H4: High | I4: Negative | J4: Yes | K4: Not Run | L4: Field validation
A5: ORD-003 | B5: Order Service | C5: Duplicate client submission does not trigger duplicate downstream processing | D5: Idempotency key logic is enabled or simulated | E5: 1. Submit same order payload twice with same idempotency key 2. Review events and stored order state | F5: same payload; same idempotency key | G5: System handles duplicate safely and only one logical order proceeds downstream | H5: Critical | I5: Edge | J5: Yes | K5: Not Run | L5: Idempotency control
A6: ORD-004 | B6: Order Service | C6: Invalid quantity value is rejected | D6: API is available | E6: 1. Submit order with qty=0 2. Check response and event topic | F6: qty=0 | G6: Request is rejected and no order.created event is emitted | H6: High | I6: Negative | J6: Yes | K6: Not Run | L6: Input validation
A7: ORD-005 | B7: Order Service | C7: Published event matches contract and includes correlation identifiers | D7: Event contract/schema is defined | E7: 1. Create valid order 2. Compare actual event payload against contract | F7: valid order payload | G7: Event matches expected schema, data types, orderId, correlationId, and timestamp fields | H7: High | I7: Positive | J7: Yes | K7: Not Run | L7: Contract validation
A8: ORD-006 | B8: Order Service | C8: Order audit record is created for traceability at intake | D8: Audit store or log table is available | E8: 1. Create valid order 2. Review audit/log entry | F8: valid order payload | G8: Audit/log contains orderId, request source, timestamp, and initial order status | H8: Medium | I8: Positive | J8: No | K8: Not Run | L8: Traceability

Sheet 20_Payment_Service
A1: Update the Status and Notes columns during execution. Summary KPIs and counts refresh automatically.
A2: TC_ID | B2: Module | C2: Scenario | D2: Preconditions | E2: Steps | F2: Test Data | G2: Expected Result | H2: Priority | I2: Type | J2: Automation Candidate | K2: Status | L2: Notes
A3: PAY-001 | B3: Payment Service | C3: Payment service consumes order.created and emits payment.authorized for approved transaction | D3: Valid order event exists and payment simulator is available | E3: 1. Trigger valid order 2. Monitor payment consumer 3. Verify payment.authorized event | F3: approved payment token | G3: Payment is processed successfully and payment.authorized event is emitted with same correlation ID | H3: Critical | I3: Positive | J3: Yes | K3: Not Run | L3: Happy path
A4: PAY-002 | B4: Payment Service | C4: Declined transaction emits payment.failed and stops success path | D4: Payment decline rule is configured | E4: 1. Trigger order using decline data 2. Monitor payment outcome and downstream flow | F4: paymentToken=DECLINED-001 | G4: payment.failed event is emitted and success-only downstream steps do not proceed | H4: Critical | I4: Negative | J4: Yes | K4: Not Run | L4: Failure path
A5: PAY-003 | B5: Payment Service | C5: Duplicate order.created replay does not cause double charge | D5: Payment service is active and orderId already processed once | E5: 1. Replay same order.created event twice 2. Review payment records | F5: same orderId replayed | G5: System processes charge once only and preserves idempotent final payment state | H5: Critical | I5: Edge | J5: Yes | K5: Not Run | L5: Financial control
A6: PAY-004 | B6: Payment Service | C6: Malformed order event is rejected or routed to error handling | D6: Consumer is connected to broker | E6: 1. Publish malformed order.created event 2. Review logs / DLQ behavior | F6: missing orderId or invalid amount datatype | G6: Event is rejected safely and no invalid charge attempt occurs | H6: High | I6: Negative | J6: Yes | K6: Not Run | L6: Payload guardrail
A7: PAY-005 | B7: Payment Service | C7: Temporary downstream timeout triggers retry without duplicate final state | D7: Retry policy is configured | E7: 1. Simulate transient gateway timeout 2. Allow retry to occur 3. Review final payment record | F7: valid order with transient timeout | G7: Retry succeeds or fails cleanly without duplicate authorization records | H7: High | I7: Recovery | J7: Yes | K7: Not Run | L7: Resilience scenario
A8: PAY-006 | B8: Payment Service | C8: Payment audit trail preserves authorization result and timestamps | D8: Audit or payment log is available | E8: 1. Complete approved and failed payment runs 2. Review audit fields | F8: approved and declined samples | G8: Audit trail captures orderId, payment status, attempt count, and timestamps for traceability | H8: Medium | I8: Positive | J8: No | K8: Not Run | L8: Interview talking point

Sheet 30_Inventory_Service
A1: Update the Status and Notes columns during execution. Summary KPIs and counts refresh automatically.
A2: TC_ID | B2: Module | C2: Scenario | D2: Preconditions | E2: Steps | F2: Test Data | G2: Expected Result | H2: Priority | I2: Type | J2: Automation Candidate | K2: Status | L2: Notes
A3: INV-001 | B3: Inventory Service | C3: Inventory is reserved only after payment.authorized is received | D3: Inventory service is active and stock is available | E3: 1. Trigger valid order 2. Allow payment success 3. Review reservation event and stock state | F3: SKU-001 stock=10 qty=2 | G3: inventory.reserved event is emitted and stock count is reduced correctly | H3: Critical | I3: Positive | J3: Yes | K3: Not Run | L3: Core reservation flow
A4: INV-002 | B4: Inventory Service | C4: Insufficient stock emits inventory.failed and prevents completion | D4: Low-stock item exists | E4: 1. Trigger order above available stock 2. Review reservation outcome | F4: SKU-LOW stock=1 qty=5 | G4: inventory.failed event is emitted and final order is not marked complete | H4: High | I4: Negative | J4: Yes | K4: Not Run | L4: Business failure path
A5: INV-003 | B5: Inventory Service | C5: Duplicate payment.authorized replay does not reserve stock twice | D5: Inventory reservation already completed once | E5: 1. Replay same payment.authorized event 2. Review stock and reservation records | F5: same orderId replayed | G5: Stock is reserved once only and no duplicate reservation record is created | H5: Critical | I5: Edge | J5: Yes | K5: Not Run | L5: Idempotent reservation
A6: INV-004 | B6: Inventory Service | C6: Out-of-sequence inventory event is ignored or flagged safely | D6: Event simulation is available | E6: 1. Publish inventory action before payment.authorized 2. Review service response | F6: inventory event before payment | G6: System detects invalid sequence and prevents incorrect reservation | H6: High | I6: Edge | J6: Yes | K6: Not Run | L6: Async sequencing
A7: INV-005 | B7: Inventory Service | C7: Stock integrity remains accurate after reservation and failure scenarios | D7: Stock table or mock DB is available | E7: 1. Run success and failure scenarios 2. Compare before/after stock counts | F7: success order + out-of-stock order | G7: Stock values change only for valid reservations and remain unchanged for failed attempts | H7: High | I7: Positive | J7: Yes | K7: Not Run | L7: Data integrity
A8: INV-006 | B8: Inventory Service | C8: Inventory service captures clear audit message for reservation decision | D8: Logging is enabled | E8: 1. Trigger reservation success and failure 2. Review audit/log message | F8: approved and failed samples | G8: Audit/log explains reservation result, orderId, sku, and available quantity at decision time | H8: Medium | I8: Positive | J8: No | K8: Not Run | L8: Operational visibility

Sheet 40_Notification_Service
A1: Update the Status and Notes columns during execution. Summary KPIs and counts refresh automatically.
A2: TC_ID | B2: Module | C2: Scenario | D2: Preconditions | E2: Steps | F2: Test Data | G2: Expected Result | H2: Priority | I2: Type | J2: Automation Candidate | K2: Status | L2: Notes
A3: NOT-001 | B3: Notification Service | C3: Success notification is generated after completed transaction flow | D3: Happy-path order can complete end-to-end | E3: 1. Complete full success path 2. Review notification event/log | F3: valid order | G3: notification.sent event or equivalent message is produced after successful completion | H3: Medium | I3: Positive | J3: Yes | K3: Not Run | L3: Customer communication
A4: NOT-002 | B4: Notification Service | C4: Failure notification is generated for payment or inventory failure | D4: Failure path is available | E4: 1. Trigger payment failure 2. Trigger inventory failure 3. Review notifications | F4: declined payment; out-of-stock item | G4: Failure notifications clearly communicate unsuccessful outcome without exposing sensitive data | H4: Medium | I4: Negative | J4: Yes | K4: Not Run | L4: Business messaging
A5: NOT-003 | B5: Notification Service | C5: Notification retry failure does not roll back committed business state | D5: Retry logic exists for notification channel | E5: 1. Force notification channel outage 2. Review business state and retry behavior | F5: completed order with channel outage | G5: Core transaction stays committed while notification is retried independently | H5: High | I5: Recovery | J5: Yes | K5: Not Run | L5: Decoupled architecture
A6: NOT-004 | B6: Notification Service | C6: Duplicate terminal event does not send duplicate customer message | D6: Message deduplication logic exists or is simulated | E6: 1. Replay same final event 2. Review sent notifications | F6: same final event replayed | G6: Customer receives one notification only or duplicates are safely suppressed | H6: High | I6: Edge | J6: Yes | K6: Not Run | L6: User experience protection
A7: NOT-005 | B7: Notification Service | C7: Notification payload contains correct order summary and status | D7: Notification template is configured | E7: 1. Run success and failure scenarios 2. Review payload/body | F7: orderId, status, sku summary | G7: Notification content reflects correct orderId, status, and business outcome | H7: Medium | I7: Positive | J7: No | K7: Not Run | L7: Content validation

Sheet 50_Error_Handling_Resilience
A1: Update the Status and Notes columns during execution. Summary KPIs and counts refresh automatically.
A2: TC_ID | B2: Module | C2: Scenario | D2: Preconditions | E2: Steps | F2: Test Data | G2: Expected Result | H2: Priority | I2: Type | J2: Automation Candidate | K2: Status | L2: Notes
A3: ERR-001 | B3: Error Handling & Resilience | C3: Malformed event is routed to dead-letter or error-handling path | D3: Error handling path is configured | E3: 1. Publish malformed JSON/event 2. Review consumer logs and DLQ | F3: bad JSON or missing required fields | G3: Invalid event is isolated in DLQ/error flow and does not impact valid processing | H3: Critical | I3: Negative | J3: Yes | K3: Not Run | L3: Advanced scenario
A4: ERR-002 | B4: Error Handling & Resilience | C4: Poison message does not block processing of later valid events | D4: Consumer can encounter repeated bad message | E4: 1. Inject poison event 2. Send valid event after it 3. Review throughput | F4: persistent invalid payload plus valid payload | G4: Bad event is isolated and subsequent valid events continue processing | H4: Critical | I4: Recovery | J4: Yes | K4: Not Run | L4: Broker resilience
A5: ERR-003 | B5: Error Handling & Resilience | C5: Consumer restart resumes processing safely after interruption | D5: Restart simulation is available | E5: 1. Begin processing order 2. Stop consumer 3. Restart consumer 4. Review final state | F5: valid in-flight order | G5: Service resumes safely and pending messages are processed without corruption or duplication | H5: High | I5: Recovery | J5: Yes | K5: Not Run | L5: Service recovery
A6: ERR-004 | B6: Error Handling & Resilience | C6: Processing delay is detectable within expected monitoring window | D6: Timeout threshold or monitoring is defined | E6: 1. Delay consumer or downstream dependency 2. Review alerts/timeout handling | F6: delayed payment/inventory event | G6: Delay is detected and surfaced through monitoring or status timeout logic | H6: High | I6: Edge | J6: No | K6: Not Run | L6: Operational monitoring
A7: ERR-005 | B7: Error Handling & Resilience | C7: Compensation or final failure state is recorded clearly after unrecoverable issue | D7: Compensation or terminal error design is documented | E7: 1. Force unrecoverable downstream failure 2. Review final state | F7: permanent payment/inventory failure | G7: Order reaches clear terminal state with traceable reason instead of remaining ambiguous | H7: High | I7: Negative | J7: No | K7: Not Run | L7: Final-state clarity

Sheet 60_E2E_Event_Flow
A1: Update the Status and Notes columns during execution. Summary KPIs and counts refresh automatically.
A2: TC_ID | B2: Module | C2: Scenario | D2: Preconditions | E2: Steps | F2: Test Data | G2: Expected Result | H2: Priority | I2: Type | J2: Automation Candidate | K2: Status | L2: Notes
A3: E2E-001 | B3: End-to-End Event Flow | C3: Happy path completes from API request to final notification with correct event sequence | D3: All services are available | E3: 1. Create order 2. Allow payment success 3. Allow inventory reservation 4. Review notification and final DB state | F3: valid order | G3: order.created -> payment.authorized -> inventory.reserved -> notification.sent occurs in correct sequence and final state is COMPLETE | H3: Critical | I3: Positive | J3: Yes | K3: Not Run | L3: Showcase scenario
A4: E2E-002 | B4: End-to-End Event Flow | C4: Payment failure stops inventory reservation and produces correct terminal state | D4: Payment decline scenario is available | E4: 1. Create order with decline data 2. Review downstream services and final state | F4: declined payment token | G4: Inventory is not reserved, failure notification is triggered, and order reaches correct failed status | H4: Critical | I4: Negative | J4: Yes | K4: Not Run | L4: Critical control
A5: E2E-003 | B5: End-to-End Event Flow | C5: Inventory failure after approved payment produces expected business outcome | D5: Inventory failure scenario is available | E5: 1. Create valid order 2. Allow payment approval 3. Force stock shortage 4. Review final state | F5: out-of-stock SKU | G5: System reaches defined inventory-failure state and logs traceable reason | H5: Critical | I5: Negative | J5: Yes | K5: Not Run | L5: Compensation discussion
A6: E2E-004 | B6: End-to-End Event Flow | C6: Eventual consistency resolves to correct final state within acceptable time window | D6: Async processing window is defined | E6: 1. Trigger valid order 2. Observe intermediate pending states 3. Confirm final state within SLA | F6: valid order with normal delay | G6: Final order state becomes correct within expected timeout without manual intervention | H6: High | I6: Edge | J6: Yes | K6: Not Run | L6: Async behavior
A7: E2E-005 | B7: End-to-End Event Flow | C7: Database/audit records reconcile with emitted events | D7: Audit table or mock database is available | E7: 1. Run success and failure flows 2. Compare event history vs DB state | F7: mixed scenarios | G7: Stored final state, audit records, and event history are consistent for each orderId | H7: Critical | I7: Positive | J7: Yes | K7: Not Run | L7: Data reconciliation
A8: E2E-006 | B8: End-to-End Event Flow | C8: Correlation IDs remain consistent across services for traceability | D8: Logging across services is enabled | E8: 1. Run happy path 2. Trace same order through all service logs/events | F8: valid order | G8: Same correlation/order identifier is visible across order, payment, inventory, and notification layers | H8: High | I8: Positive | J8: Yes | K8: Not Run | L8: Observability

Sheet 70_RTM
A1: Traceability view linking core event-driven requirements to manual test coverage. Use this sheet in interviews to show structured QA thinking and requirement coverage.
A2: REQ_ID | B2: Requirement Area | C2: Requirement Description | D2: Linked Test Cases | E2: Priority | F2: Coverage Status | G2: Notes | H2: Owner | I2: Reviewed
A3: REQ-001 | B3: Order Intake | C3: System must publish order.created for valid orders with required identifiers | D3: ORD-001, ORD-005, E2E-001, E2E-006 | E3: Critical | F3: Covered | G3: Includes contract and traceability checks | H3: QA | I3: Yes
A4: REQ-002 | B4: Validation | C4: System must reject invalid order input before event publication | D4: ORD-002, ORD-004 | E4: High | F4: Covered | G4: Prevents bad data entering broker | H4: QA | I4: Yes
A5: REQ-003 | B5: Idempotency | C5: Duplicate submissions/events must not cause duplicate payment or reservation actions | D5: ORD-003, PAY-003, INV-003, NOT-004 | E5: Critical | F5: Covered | G5: Core distributed-systems control | H5: QA | I5: Yes
A6: REQ-004 | B6: Payment Processing | C6: Approved orders must emit payment.authorized; declined orders must emit payment.failed | D6: PAY-001, PAY-002, E2E-002 | E6: Critical | F6: Covered | G6: Covers positive and negative payment flow | H6: QA | I6: Yes
A7: REQ-005 | B7: Inventory Reservation | C7: Inventory must reserve stock only after payment approval and maintain accurate stock state | D7: INV-001, INV-002, INV-004, INV-005, E2E-003 | E7: Critical | F7: Covered | G7: Sequencing + stock integrity | H7: QA | I7: Yes
A8: REQ-006 | B8: Notifications | C8: System must notify customers on terminal success/failure without duplicate messages | D8: NOT-001, NOT-002, NOT-003, NOT-004, NOT-005 | E8: High | F8: Covered | G8: Communication decoupling covered | H8: QA | I8: Yes
A9: REQ-007 | B9: Resilience | C9: Invalid or poison events must not block healthy processing and must be isolated safely | D9: ERR-001, ERR-002, ERR-003, ERR-004 | E9: Critical | F9: Covered | G9: DLQ and recovery scenarios included | H9: QA | I9: Yes
A10: REQ-008 | B10: Eventual Consistency | C10: System must converge to correct final state within acceptable async window | D10: E2E-004, E2E-005 | E10: High | F10: Covered | G10: Async completion and reconciliation | H10: QA | I10: Yes

Sheet 80_Automation_Map
A1: Automation planning view showing which manual scenarios are best candidates for API, event, integration, and resilience automation.
A2: TC_ID | B2: Scenario | C2: Automation Layer | D2: Recommended Tool | E2: Priority | F2: Why Automate | G2: Status | H2: Notes
A3: ORD-001 | B3: Valid order creation publishes order.created event | C3: API + Event | D3: Postman + Node.js/Jest | E3: Critical | F3: Core contract and publisher validation | G3: Planned | H3: High-value smoke candidate
A4: ORD-003 | B4: Duplicate client submission does not trigger duplicate processing | C4: Integration | D4: Node.js/Jest + broker mock | E4: Critical | F4: Demonstrates idempotency control | G4: Planned | H4: Strong interview talking point
A5: PAY-001 | B5: Payment service emits payment.authorized for approved transaction | C5: Integration | D5: Node.js/Jest + test doubles | E5: Critical | F5: Core consumer validation | G5: Planned | H5: Happy path
A6: PAY-003 | B6: Duplicate order event does not cause double charge | C6: Integration | D6: Node.js/Jest + replay script | E6: Critical | F6: Distributed-systems financial control | G6: Planned | H6: Must-have automation
A7: INV-001 | B7: Inventory is reserved only after payment.authorized | C7: Integration | D7: Node.js/Jest + event fixture | E7: Critical | F7: Validates sequencing and stock change | G7: Planned | H7: Core path
A8: NOT-003 | B8: Notification retry does not roll back business state | C8: Resilience | D8: Node.js/Jest | E8: High | F8: Shows decoupled design understanding | G8: Planned | H8: Good advanced test
A9: ERR-001 | B9: Malformed event routed to dead-letter path | C9: Event / Resilience | D9: Node.js/Jest + malformed payload | E9: Critical | F9: Strong async error-handling example | G9: Planned | H9: Advanced showcase
A10: ERR-003 | B10: Consumer restart resumes processing safely | C10: Resilience | D10: Docker/Testcontainers or simulated restart | E10: High | F10: Shows recovery thinking beyond UI/API | G10: Backlog | H10: Bonus if time allows
A11: E2E-001 | B11: Happy path end-to-end sequence completes correctly | C11: End-to-End | D11: Postman + Node.js/Jest | E11: Critical | F11: Demonstrates full async flow | G11: Planned | H11: Top recruiter demo
A12: E2E-004 | B12: Eventual consistency resolves within acceptable window | C12: End-to-End | D12: Node.js/Jest with polling assertions | E12: High | F12: Captures async timing behavior | G12: Planned | H12: Good senior-level coverage
A13: E2E-005 | B13: Database/audit records reconcile with emitted events | C13: API + Data | D13: SQL checks + Node.js | E13: Critical | F13: Shows data integrity mindset | G13: Planned | H13: Excellent for your profile
